statement error
SELECT column1 AS orig_string,
       TO_DECIMAL(column1) AS dec,
       TO_DECIMAL(column1, 10, 2) AS dec_with_scale,
       TO_DECIMAL(column1, 4, 2) AS dec_with_range_err
  FROM VALUES ('345.123')
  AS T(column1)
----
100039 (22003): Numeric value '345.123' is out of range

query TTTT
SELECT column1 AS orig_string,
       TRY_TO_DECIMAL(column1) AS dec,
       TRY_TO_DECIMAL(column1, 10, 2) AS dec_with_scale,
       TRY_TO_DECIMAL(column1, 4, 2) AS dec_with_range_err
  FROM VALUES ('345.123')
  AS T(column1)
----
345.123	345	345.12	NULL

statement error
SELECT column1 AS orig_string,
       TO_DECIMAL(column1, '$9,999.00') AS num,
       TO_DECIMAL(column1, '$9,999.00', 6, 2) AS num_with_scale,
       TO_DECIMAL(column1, 6, 2) AS num_with_format_err
  FROM VALUES ('$7,543.21')
  AS T(column1)
----
100038 (22018): Numeric value '$7,543.21' is not recognized

query TTTT
SELECT column1 AS orig_string,
       TRY_TO_DECIMAL(column1, '$9,999.00') AS num,
       TRY_TO_DECIMAL(column1, '$9,999.00', 6, 2) AS num_with_scale,
       TRY_TO_DECIMAL(column1, 6, 2) AS num_with_format_err
  FROM VALUES ('$7,543.21')
  AS T(column1)
----
$7,543.21	7543	7543.21	NULL

