exclude-from-coverage
statement ok
CREATE OR REPLACE TABLE qt (i INTEGER, p CHAR(1), o INTEGER);

exclude-from-coverage
statement ok
INSERT INTO qt (i, p, o) VALUES
    (1, 'A', 1),
    (2, 'A', 2),
    (3, 'B', 1),
    (4, 'B', 2);

query TTTT
SELECT * 
    FROM (
         SELECT i, p, o, 
                ROW_NUMBER() OVER (PARTITION BY p ORDER BY o) AS row_num
            FROM qt
        )
    WHERE row_num = 1
----
1	A	1	1
3	B	1	1

query TTT
SELECT i, p, o
    FROM qt
    QUALIFY ROW_NUMBER() OVER (PARTITION BY p ORDER BY o) = 1
----
1	A	1
3	B	1

query TTTT
SELECT i, p, o, ROW_NUMBER() OVER (PARTITION BY p ORDER BY o) AS row_num
    FROM qt
    QUALIFY row_num = 1
----
1	A	1	1
3	B	1	1

query TTTT
SELECT i, p, o, ROW_NUMBER() OVER (PARTITION BY p ORDER BY o) AS row_num
    FROM qt
----
1	A	1	1
2	A	2	2
3	B	1	1
4	B	2	2

