query TT
SELECT
    column1,
    CASE
        WHEN column1=1 THEN 'one'
        WHEN column1=2 THEN 'two'
        ELSE 'other'
    END AS result
FROM (values(1),(2),(3)) v
----
1	one
2	two
3	other

query TT
SELECT
    column1,
    CASE
        WHEN column1=1 THEN 'one'
        WHEN column1=2 THEN 'two'
    END AS result
FROM (values(1),(2),(3)) v
----
1	one
2	two
3	NULL

query TT
SELECT
    column1,
    CASE 
        WHEN column1 = 1 THEN 'one'
        WHEN column1 = 2 THEN 'two'
        WHEN column1 IS NULL THEN 'NULL'
        ELSE 'other'
    END AS result
FROM VALUES (1), (2), (NULL)
----
1	one
2	two
NULL	NULL

query T
SELECT CASE COLLATE('m', 'upper')
    WHEN 'M' THEN TRUE
    ELSE FALSE
END
----
TRUE

query T
SELECT CASE 'm'
    WHEN COLLATE('M', 'lower') THEN TRUE
    ELSE FALSE
END
----
TRUE

